Frequency (THz),F-statistic,p-value,eta_squared,Significant
0.3002931531814634,0.7605361832728255,0.6524876847058008,0.14611700555096485,
0.3039552648056276,0.7459915011674916,0.6650930799148068,0.14372424763244873,
0.3076173764297918,0.8326526049936688,0.5905207747249339,0.15778610800465218,
0.311279488053956,0.8112017659654813,0.6088120384973711,0.1543486249814016,
0.3149415996781202,0.8067958306542257,0.6125871005218351,0.15363910017220905,
0.3186037113022844,0.872454127734737,0.557059768243431,0.16409079765032022,
0.32226582292644856,1.2404590583571735,0.2988574493248017,0.21820230681943048,
0.32592793455061275,1.6113624845589036,0.14505684498544755,0.26608551155115695,
0.32959004617477694,1.5720694404330797,0.15703064804713862,0.26129241459650865,
0.33325215779894113,1.2324011230663876,0.30334071751246705,0.21709259278067142,
0.33691426942310526,1.431216081423708,0.2077147561057152,0.24358386178415903,
0.34057638104726945,3.37281389651353,0.0036719585883233973,0.43145739201708544,*
0.34423849267143364,4.9724979785897645,0.0001668674586002685,0.5280374197071509,*
0.3479006042955978,4.086987061437939,0.0008849078005911735,0.47905056245484307,*
0.351562715919762,3.304822397520906,0.00421884021419449,0.42646904086771004,*
0.3552248275439262,3.3298443071873245,0.004008446443607377,0.4283149769152085,*
0.3588869391680904,4.514408705567881,0.00039022130650744237,0.5039047554386654,*
0.3625490507922546,9.194823763563901,2.214171238385123e-07,0.6741434821382211,*
0.36621116241641877,12.90110011114747,2.491066676567178e-09,0.7437702558025748,*
0.369873274040583,8.585942962812492,5.125216190977688e-07,0.658916937345299,*
0.3735353856647472,6.284164859234522,1.7109743349484233e-05,0.5857389976051796,*
0.3771974972889114,9.108156429651588,2.4900955239850666e-07,0.6720596669426446,*
0.3808596089130756,15.128245050799869,2.5225626221690164e-10,0.7729262273575432,*
0.38452172053723976,14.718324769469955,3.773171202634395e-10,0.7680687798913058,*
0.38818383216140395,12.951685638916096,2.3578371391464624e-09,0.7445153362761092,*
0.39184594378556814,13.731208616085185,1.0292872617627668e-09,0.7554726408100267,*
0.3955080554097323,14.796074847597232,3.4935977189238827e-10,0.7690060035810572,*
0.39917016703389646,14.767138335995462,3.595019395459503e-10,0.7686580801156291,*
0.40283227865806065,15.20157973768511,2.349201479040104e-10,0.7737738484264325,*
0.40649439028222484,15.952919015900195,1.148687697833794e-10,0.7821069152841681,*
0.410156501906389,15.344877637811296,2.0455450485885255e-10,0.7754119910742372,*
0.4138186135305532,14.905421957112878,3.136642165359895e-10,0.7703113627654389,*
0.4174807251547174,14.304173790471047,5.714229003722095e-10,0.7629454934354784,*
0.4211428367788816,12.55873253637304,3.6279013263038234e-09,0.7386109402108472,*
0.4248049484030458,10.573412922041873,3.716936447397048e-08,0.7040560223748964,*
0.42846706002720997,10.050393656740503,7.185691942019206e-08,0.6933774345447052,*
0.43212917165137416,10.964877592204608,2.299892496713089e-08,0.7115743032773325,*
0.4357912832755384,12.248084054475276,5.133737926067364e-09,0.7337464815631722,*
0.4394533948997026,12.629172368022365,3.355971390930185e-09,0.7396893409720231,*
0.4431155065238668,11.71268793557573,9.471721271824477e-09,0.7249236844812621,*
0.44677761814803096,11.020058432881822,2.151322018971223e-08,0.7126034713368743,*
0.45043972977219515,11.499520956137086,1.2150021520895547e-08,0.721245980358037,*
0.45410184139635934,12.782231953082968,2.836175820278219e-09,0.7420022097192005,*
0.4577639530205235,13.203356274305115,1.7975975098053127e-09,0.7481587357385248,*
0.46142606464468766,11.95744647415721,7.142406712050445e-09,0.7290285329599456,*
0.46508817626885185,10.588601396236916,3.647587400760728e-08,0.7043550261506438,*
0.46875028789301604,10.359985820817696,4.851920259229468e-08,0.6997895653659065,*
0.4724123995171802,11.059350387066122,2.0516872969613454e-08,0.7133318330934467,*
0.4760745111413444,12.028992263268966,6.581532791392326e-09,0.7302053892395483,*
0.4797366227655086,12.868659322421934,2.5806439598416203e-09,0.743290139983437,*
0.4833987343896728,13.456326850160764,1.3734601585065124e-09,0.7517177125332084,*
0.487060846013837,11.200457807146801,1.7319646236602056e-08,0.7159174040865343,*
0.49072295763800117,9.341156745614546,1.8185883196173e-07,0.6776024213111997,*
0.49438506926216536,10.479063052718487,4.1798647619069196e-08,0.7021849960346521,*
0.49804718088632954,11.979711916954006,6.962675957340469e-09,0.7293958760104,*
0.5017092925104937,9.971708919566552,7.949390783689217e-08,0.6917038593984648,*
0.505371404134658,6.8014666208930175,7.39335104659595e-06,0.6047946299216881,*
0.5090335157588222,6.219997806698047,1.9028997666064218e-05,0.5832464239779342,*
0.5126956273829864,6.671745870510967,9.097726560989605e-06,0.6001827677900572,*
0.5163577390071505,6.170414664702295,2.066542835558695e-05,0.581299723458911,*
0.5200198506313147,5.060684245954285,0.00014216128656275478,0.5324161734986433,*
0.5236819622554789,4.677264810968825,0.00028754816223813584,0.5127618826694238,*
0.5273440738796431,5.146847414515106,0.00012168304010658302,0.5366167029634539,*
0.5310061855038073,5.796182111786498,3.890064161056665e-05,0.565998777512281,*
0.5346682971279715,5.577161000265844,5.679707467554036e-05,0.5565137273698673,*
0.5383304087521357,4.839140869263175,0.0002130506402853479,0.521257758262641,*
0.5419925203762999,4.028291826371826,0.0009921582217485023,0.4754416634266055,*
0.5456546320004639,3.7640031963668763,0.0016703080197041473,0.4585523793381769,*
0.5493167436246281,3.9172378035654045,0.001233501946114014,0.4684748460153151,*
0.5529788552487923,4.243985567777964,0.0006531509212186798,0.4884640334108399,*
0.5566409668729565,7.509160722424401,2.4651231316133836e-06,0.6281921326326847,*
0.5603030784971207,13.435291775646128,1.4043526858401633e-09,0.7514256144645783,*
0.5639651901212849,10.225127700946782,5.75190641078688e-08,0.6970297156321165,*
0.5676273017454491,9.082062913148047,2.5800512228886773e-07,0.6714270486128311,*
0.5712894133696133,9.48959145317153,1.4922500379593905e-07,0.6810368168202524,*
0.5749515249937774,9.985888149114265,7.805729108958004e-08,0.6920067908602276,*
0.5786136366179416,8.990075390947194,2.925294961135503e-07,0.6691772762331194,*
0.5822757482421058,7.601931605983104,2.1431912794211976e-06,0.6310554787730809,*
0.58593785986627,8.03869018545209,1.1223345223658326e-06,0.6439640702263842,*
0.5895999714904342,9.759469769904603,1.0464623039132505e-07,0.6870972059269006,*
0.5932620831145984,9.654291984356671,1.200815560523234e-07,0.6847629241890595,*
0.5969241947387626,7.7687284549633935,1.6702040082599996e-06,0.6360942008231163,*
0.6005863063629268,6.760293715267267,7.894858432485676e-06,0.6033424091581984,*
0.6042484179870911,7.786244464580562,1.627308685556849e-06,0.6366153634105655,*
0.6079105296112552,9.405684149634956,1.668382156442416e-07,0.6791044635972291,*
0.6115726412354194,9.361312814007958,1.7702038861313098e-07,0.6780731139015658,*
0.6152347528595836,8.321358916614331,7.459791872577146e-07,0.6518476496354355,*
0.6188968644837478,7.848017115976672,1.4850100267214702e-06,0.6384414608417808,*
0.622558976107912,8.859045085627425,3.5028863516075025e-07,0.6659188978652538,*
0.6262210877320762,10.389635600096124,4.6746304691566374e-08,0.7003896142464064,*
0.6298831993562404,10.247238936428738,5.593118236540609e-08,0.6974856911066772,*
0.6335453109804046,9.438650639584518,1.5967157180798167e-07,0.6798664550272153,*
0.6372074226045688,9.364901393016082,1.7617319340449924e-07,0.6781567717430896,*
0.6408695342287329,10.160393651872036,6.244533889885221e-08,0.695686839173833,*
0.6445316458528971,9.933482443301477,8.350670469942764e-08,0.6908841949785967,*
0.6481937574770613,8.95993316369438,3.0486854150432173e-07,0.6684333600281572,*
0.6518558691012255,9.01348052668504,2.833096559279175e-07,0.6697526213009152,*
0.6555179807253897,9.795498872641664,9.984933851661342e-08,0.6878888949570671,*
0.6591800923495539,10.421959360977485,4.4890649184060066e-08,0.7010410518498429,*
0.6628422039737181,10.533909817164071,3.9038536292459513e-08,0.7032755156662231,*
0.6665043155978823,10.499547243060373,4.074460609364945e-08,0.7025932202464615,*
0.6701664272220463,10.116565397653687,6.603026220744881e-08,0.6947708646144246,*
0.6738285388462105,9.776314356495094,1.0237417942424948e-07,0.6874678414381915,*
0.6774906504703747,10.501684392874921,4.063625260346794e-08,0.7026357464986512,*
0.6811527620945389,11.73282796898086,9.252909626984467e-09,0.7252661430887406,*
0.6848148737187031,12.215950844258892,5.3232460764159704e-09,0.7332329535147329,*
0.6884769853428673,12.070789396613112,6.2754206227913116e-09,0.7308881916406611,*
0.6921390969670315,12.282572427180583,4.938190562164359e-09,0.7342954527663704,*
0.6958012085911957,12.755241960806694,2.9213072107691277e-09,0.7415973559211201,*
0.6994633202153598,13.462398070717594,1.3646770213328887e-09,0.7518018913339273,*
0.703125431839524,14.846961431711112,3.3224556118640653e-10,0.7696153161166023,*
0.7067875434636882,15.680645734519635,1.4843687996191225e-10,0.7791590296032512,*
0.7104496550878524,15.225060846020524,2.2963720188255015e-10,0.7740439132142843,*
0.7141117667120166,14.462903369424525,4.868993163283371e-10,0.7649355960340283,*
0.7177738783361808,14.75695193299818,3.6314535733208635e-10,0.7685353524775074,*
0.721435989960345,15.85805852122987,1.2555490749399256e-10,0.7810888415108873,*
0.7250981015845092,15.967033411126154,1.1336222099959023e-10,0.7822575868394813,*
0.7287602132086733,14.932341758368395,3.0547762166976463e-10,0.7706304648291307,*
0.7324223248328375,14.000152236981469,7.792060715956294e-10,0.7590381334323194,*
0.7360844364570017,14.263336224199804,5.955686292098094e-10,0.7624280226946576,*
0.739746548081166,15.329731697666654,2.07559795379871e-10,0.7752399689118029,*
0.7434086597053302,15.317675896870973,2.0998503295461933e-10,0.775102854972874,*
0.7470707713294944,14.40344898621732,5.169093469110436e-10,0.7641941015427112,*
0.7507328829536586,15.179745538276965,2.3994703285073683e-10,0.7735221454563154,*
0.7543949945778228,23.29375959737981,3.1031722383155563e-13,0.8397717300751336,*
0.758057106201987,25.519718430183367,6.942336727791588e-14,0.8516746667330473,*
0.7617192178261512,23.916787439975863,2.0177381979047817e-13,0.8432915586122358,*
0.7653813294503153,22.226294630568947,6.632698847414093e-13,0.8333587819990971,*
0.7690434410744795,20.532050175044926,2.356196274550808e-12,0.8220549155454178,*
0.7727055526986437,19.548044703695986,5.111863397008344e-12,0.8147568425684186,*
0.7763676643228079,19.770097222757766,4.2809374827012505e-12,0.8164555618880738,*
0.7800297759469721,20.184061051649635,3.0881433165060055e-12,0.8195406357422176,*
0.7836918875711363,19.575231069691146,5.001618949740778e-12,0.8149665076937036,*
0.7873539991953005,18.690763929078496,1.0292524710149505e-11,0.8078926123038117,*
0.7910161108194645,18.82549425423145,9.205594297054327e-12,0.8090048924496188,*
0.7946782224436287,19.777792745319818,4.2548185323218354e-12,0.816513874848749,*
0.7983403340677929,20.607007714992882,2.22387077342286e-12,0.8225873527746691,*
0.8020024456919571,21.037176906841506,1.6011335638460243e-12,0.8255823527406704,*
0.8056645573161213,21.363984707073243,1.2518764275191657e-12,0.8277909740902234,*
0.8093266689402855,21.761604643884013,9.31695027742847e-13,0.8304038724241001,*
0.8129887805644497,21.91648878486288,8.31392951103781e-13,0.8314003375455896,*
0.8166508921886139,21.535734997879807,1.101329913269697e-12,0.8289294169691517,*
0.820313003812778,21.044616324893422,1.5921365688698735e-12,0.8256332595122156,*
0.8239751154369422,20.910420047805605,1.7629111358549121e-12,0.824710384636333,*
0.8276372270611064,20.604546300028336,2.228089797164719e-12,0.822569919491659,*
0.8312993386852706,19.57768519140268,4.991790698722063e-12,0.814985410876635,*
0.8349614503094348,18.86691917402866,8.896159626446153e-12,0.8093442958899906,*
0.838623561933599,19.103750912702694,7.324638747163734e-12,0.8112617813366552,*
0.8422856735577632,19.086378932767047,7.4293492090289e-12,0.8111224425427968,*
0.8459477851819274,18.043653942398944,1.774700491264083e-11,0.8023645944627921,*
0.8496098968060916,17.509605023117807,2.8138671498312104e-11,0.7975569631920858,*
0.8532720084302557,18.110177856707736,1.67689553245316e-11,0.8029475118181264,*
0.8569341200544199,18.599489587181118,1.1104809022551853e-11,0.8071316972898417,*
0.8605962316785841,18.177037363591154,1.5842803489123318e-11,0.8035299154069682,*
0.8642583433027483,17.540183211714336,2.7397952496021647e-11,0.7978385390939543,*
0.8679204549269125,17.21594743941916,3.642071341276358e-11,0.7948123714347272,*
0.8715825665510768,17.05198691010109,4.2124397886450214e-11,0.7932473362140328,*
0.875244678175241,17.23437076547539,3.583248597284825e-11,0.7949867462124636,*
0.8789067897994052,17.748596272544447,2.2864320879098793e-11,0.7997370211175184,*
0.8825689014235694,17.867895249257426,2.063019051016018e-11,0.8008077814583079,*
0.8862310130477336,17.30596338406344,3.3639616501512766e-11,0.7956615581883852,*
0.8898931246718977,16.701055082318625,5.771853818151226e-11,0.7898160580780126,*
0.8935552362960619,16.287956973734172,8.41583179559473e-11,0.785628092240803,*
0.8972173479202261,15.706264784752962,1.44878993532084e-10,0.7794398006594891,*
0.9008794595443903,15.136770078693441,2.501737860028224e-10,0.773025087938609,*
0.9045415711685545,14.935249927889602,3.0460673148132037e-10,0.7706648846439339,*
0.9082036827927187,15.008941746701554,2.83386221246075e-10,0.771533634259144,*
0.9118657944168828,14.983303167748145,2.905875703128464e-10,0.7712321297783783,*
0.915527906041047,14.564483720944319,4.397795284604613e-10,0.7661917386516904,*
0.9191900176652111,13.885373725148732,8.770842382066231e-10,0.7575292671578567,*
0.9228521292893753,13.378272549316211,1.4918137549917478e-09,0.7506303642704781,*
0.9265142409135395,13.148121010254464,1.9072947602820045e-09,0.7473680313488694,*
0.9301763525377037,12.940623272253609,2.3863201980694694e-09,0.7443527677389624,*
0.9338384641618679,12.6655709027113,3.2239159488974676e-09,0.7402431059079508,*
0.9375005757860321,12.387557689560484,4.389573562801391e-09,0.7359527161973554,*
0.9411626874101963,11.904553565691437,7.589153245788006e-09,0.7281518756263176,*
0.9448247990343605,11.241952667172944,1.6482316284144683e-08,0.7166688811446165,*
0.9484869106585246,10.759288612025106,2.955241894970565e-08,0.7076741331923593,*
0.9521490222826888,10.508382323052341,4.0298619858563994e-08,0.7027689470658851,*
0.955811133906853,10.136596083563466,6.436581268113895e-08,0.6951901727515697,*
0.9594732455310172,9.665941256436298,1.1826025658229497e-07,0.6850231780576306,*
0.9631353571551814,9.396430387656867,1.6890991085960836e-07,0.6788899185666762,*
0.9667974687793456,9.1270380581443,2.4270550898708115e-07,0.67251592126382,*
0.9704595804035098,8.675218299077303,4.5222355764825247e-07,0.6612379044088592,*
0.974121692027674,8.345156385034908,7.210181267584e-07,0.6524954528525838,*
0.9777838036518381,8.18135893356836,9.123514856586879e-07,0.6479871964278948,*
0.9814459152760023,7.851257197891383,1.4779154777714096e-06,0.6385367363549521,*
0.9851080269001665,7.8029931687122005,1.5873699142596778e-06,0.6371123017871039,*
0.9887701385243307,9.611552751536792,1.2701931989151565e-07,0.6838044016033857,*
0.9924322501484949,11.013465140418772,2.1685319409909413e-08,0.7124808875323903,*
0.9960943617726591,10.133589081658746,6.461284774006211e-08,0.6951272998181635,*
0.9997564733968233,9.285454873110172,1.959642626266868e-07,0.6762944620604802,*
1.0034185850209874,8.861706228954935,3.490037054197938e-07,0.6659857119061916,*
1.0070806966451518,8.30848400872662,7.598592353916617e-07,0.6514961672713416,*
1.010742808269316,7.7554277943744365,1.7035658779790207e-06,0.6356974599862886,*
1.0144049198934801,7.799124361440259,1.5965034016256683e-06,0.6369976340306706,*
1.0180670315176443,8.08428771351199,1.0502087677231991e-06,0.6452598404682193,*
1.0217291431418085,7.784453577739227,1.6316410213756799e-06,0.6365621467787145,*
1.0253912547659727,7.43991151268694,2.7381960404025045e-06,0.6260256373608939,*
1.029053366390137,7.55487022691496,2.30061174020016e-06,0.6296084763030118,*
1.032715478014301,7.609555251901085,2.1187703737357196e-06,0.6312888206068358,*
1.0363775896384653,7.4895084379995565,2.539594068968955e-06,0.6275798565467248,*
1.0400397012626295,7.755529258812487,1.7033087529761928e-06,0.6357004898086048,*
1.0437018128867936,8.048335412294325,1.1066566781786989e-06,0.6442389527862341,*
1.0473639245109578,7.659663996214476,1.9653345837640185e-06,0.6328152159051087,*
1.051026036135122,7.190307783165635,4.01588164864655e-06,0.6180026563954303,*
1.0546881477592862,7.3011487871909875,3.3850303074522408e-06,0.6216074951009027,*
1.0583502593834504,7.509318221501663,2.4645356157894144e-06,0.6281970314580695,*
1.0620123710076146,7.3531763732176625,3.12554455736685e-06,0.6232762085563315,*
1.0656744826317788,6.996437189985537,5.432654279850724e-06,0.6115295493426485,*
1.069336594255943,6.340198784351277,1.5599175936981158e-05,0.5878913794220366,*
1.0729987058801072,5.542890009434297,6.029622434516212e-05,0.5549919285302077,*
1.0766608175042713,5.282840270076292,9.538867479707687e-05,0.5430950594249752,*
1.0803229291284355,5.378878088976637,8.044066172637978e-05,0.54756199551389,*
1.0839850407525997,4.820697417011728,0.00022041514117684635,0.5203047604771467,*
1.087647152376764,3.9071724495646944,0.0012581892066525927,0.46783425283401703,*
1.0913092640009279,3.346562794451145,0.0038739091758960603,0.4295417385500372,*
1.094971375625092,2.947352453464859,0.008827402436351474,0.39873287837474064,*
1.0986334872492562,9.1959139438775,2.2109118732344686e-07,0.6741695256152868,*
1.1022955988734207,14.76334064146215,3.6085577446912234e-10,0.7686123400190749,*
1.1059577104975846,14.17399760911821,6.522000053502374e-10,0.7612880588151049,*
1.109619822121749,13.270217244769883,1.6736006184405925e-09,0.7491092676553612,*
1.113281933745913,11.60851545256991,1.0693417776766266e-08,0.7231386315696788,*
1.1169440453700774,13.219114413803753,1.7675303070400232e-09,0.7483834101546842,*
1.1206061569942414,13.404109582212529,1.4514952789321066e-09,0.7509913442956426,*
1.1242682686184058,11.866614466752425,7.927582135608521e-09,0.7275195639570956,*
1.1279303802425698,10.432527653601444,4.430082262384335e-08,0.7012534260900982,*
1.1315924918667342,9.896462495861398,8.75955517791273e-08,0.6900862363207185,*
1.1352546034908981,9.231361687258046,2.1076248257765357e-07,0.6750140794887722,*
1.1389167151150625,7.900893978299436,1.3735548412498593e-06,0.6399900681332167,*
1.1425788267392265,6.950906771202653,5.835749126224663e-06,0.6099774056685758,*
1.146240938363391,6.676314455962825,9.031201871404516e-06,0.6003470190976211,*
1.1499030499875549,6.0340371124874155,2.596995282434656e-05,0.5758503347744751,*
1.1535651616117193,5.011053120257779,0.00015555721823658117,0.5299618646155921,*
1.1572272732358833,5.2118822555323865,0.00010827581020389691,0.5397375645487318,*
1.1608893848600477,7.158920709484119,4.216031598661087e-06,0.6169693545376637,*
1.1645514964842116,7.9256036039471685,1.3245072278947495e-06,0.640709201204571,*
1.168213608108376,21.138843921410288,1.482663386642771e-12,0.8262754818346032,*
1.17187571973254,20.56939574193093,2.289265313070894e-12,0.8223205868699345,*
1.1755378313567044,18.814194727292836,9.291945328615781e-12,0.8089121030844676,*
1.1791999429808684,15.52998749571298,1.7130068040820425e-10,0.7774933245781499,*
1.1828620546050328,12.536041628676067,3.7203425905842597e-09,0.7382616477934726,*
1.1865241662291968,11.184061204580741,1.766270250709409e-08,0.7156193596332941,*
1.1901862778533612,10.613460609325733,3.5369939192888754e-08,0.7048431087476131,*
1.1938483894775251,10.210729831482288,5.857836568665491e-08,0.6967320646779978,*
1.1975105011016896,9.826434541599511,9.591447561200609e-08,0.688565473171564,*
1.2011726127258535,9.138127266654676,2.39081267477228e-07,0.6727832888367794,*
1.204834724350018,8.074495922047856,1.0652774368301601e-06,0.6449823775548714,*
1.2084968359741821,11.344838155734047,1.4584103112604203e-08,0.7185151119915891,*
1.212158947598346,17.977662407001482,1.8776533874572973e-11,0.8017829245980144,*
1.2158210592225105,15.047704828299082,2.728519174269021e-10,0.7719879741194453,*
1.2194831708466745,12.384334954461012,4.405426808682794e-09,0.7359021507683737,*
1.2231452824708389,10.633909838634036,3.448655747871754e-08,0.7052433998429043,*
1.2268073940950028,10.347079266134493,4.931283106838118e-08,0.6995276124753977,*
1.2304695057191672,14.465808666389075,4.854805230895134e-10,0.7649717104051679,*
1.2341316173433312,15.20018717349695,2.3523743527039294e-10,0.7737578117583361,*
1.2377937289674956,14.221414662384024,6.214713550189913e-10,0.7618944609509786,*
1.2414558405916596,13.768939673541142,9.896408532193038e-10,0.7559792065190358,*
1.245117952215824,12.687559837386699,3.146789859868333e-09,0.7405765039903797,*
1.248780063839988,11.224101071087526,1.6837221147026098e-08,0.7163460743667155,*
1.2524421754641524,10.888502344982061,2.5235048705469892e-08,0.7101376202838372,*
1.2561042870883163,11.410758446688712,1.348956339398642e-08,0.7196854259790032,*
1.2597663987124808,11.622771164067231,1.0516906997205047e-08,0.7233842781016805,*
1.2634285103366447,11.209437085890698,1.7134745203827715e-08,0.7160803577162795,*
1.2670906219608091,10.787367777368878,2.8552463293570822e-08,0.7082130228680517,*
1.270752733584973,10.471615607226923,4.2188917055319184e-08,0.7020362998641583,*
1.2744148452091375,10.256644242222388,5.526974638593316e-08,0.697679230486157,*
1.2780769568333015,10.303931712327506,5.206623623348077e-08,0.6986485564782838,*
1.2817390684574659,10.374789287139341,4.762538838717493e-08,0.700089456381805,*
1.2854011800816298,9.993991356176478,7.724852883785198e-08,0.6921796442622058,*
1.2890632917057943,9.504988650977268,1.4621035636829874e-07,0.6813888841186547,*
1.2927254033299582,9.350118711930012,1.796906351959314e-07,0.6778118745724363,*
1.2963875149541226,9.220318734498425,2.1392482885820033e-07,0.6747514474825843,*
1.3000496265782866,8.872828352588822,3.43686599953758e-07,0.6662646690368492,*
1.303711738202451,8.678633971454794,4.500697052987467e-07,0.6613260773432734,*
1.307373849826615,8.753444844428115,4.054942331214144e-07,0.6632458155114478,*
1.3110359614507794,8.675245124268654,4.5220660024583977e-07,0.6612385970592457,*
1.3146980730749434,8.310736069558269,7.574119813914151e-07,0.6515576992763616,*
1.3183601846991078,7.979088307320285,1.2245158031968032e-06,0.6422559884334738,*
1.3220222963232717,8.049818939979945,1.1042656939161283e-06,0.6442811946813137,*
1.3256844079474361,8.461443533390245,6.11025343463012e-07,0.6556266060826175,*
1.3293465195716,8.65468786665394,4.6539911561779517e-07,0.6607069583777821,*
1.3330086311957645,8.573561048495423,5.215270955507215e-07,0.6585925204245099,*
1.3366707428199285,8.498164482167224,5.800625943523458e-07,0.6566036670314507,*
1.3403328544440927,8.647618044084712,4.7002876733882923e-07,0.6605237373149948,*
1.343994966068257,8.708494559327388,4.3169154233459115e-07,0.6620949551146005,*
1.347657077692421,8.52586874765305,5.57792379929073e-07,0.6573371530340288,*
1.3513191893165855,8.454579446167191,6.170025644314579e-07,0.6554433512074277,*
1.3549813009407494,8.594433156735224,5.064408494148211e-07,0.6591390317183141,*
1.3586434125649138,8.42659487335929,6.42012367678573e-07,0.6546942065279296,*
1.3623055241890778,7.88683998157123,1.4022961627049226e-06,0.6395797638834901,*
1.3659676358132422,7.458636995662083,2.6613688532994143e-06,0.6266139598550283,*
1.3696297474374062,7.134680041950865,4.37773781100492e-06,0.6161674874757269,*
1.3732918590615706,6.759626360275453,7.903274037379633e-06,0.603318782797045,*
1.3769539706857346,6.610378519257633,1.0042675062186634e-05,0.5979633089523461,*
1.380616082309899,6.613417804760629,9.99354117625928e-06,0.598073809902638,*
1.384278193934063,6.266214774269438,1.7625349966020652e-05,0.5850447340646376,*
1.3879403055582273,5.673395506736633,4.8058788957396355e-05,0.5607318888330867,*
1.3916024171823913,5.330570534610203,8.762782123841476e-05,0.5453260732625242,*
1.3952645288065557,5.021659605913365,0.00015258791937673976,0.5304885282476414,*
1.3989266404307197,4.436957436650608,0.0004517854039547316,0.49957850078770827,*
1.402588752054884,3.9363445938138164,0.001188008076721812,0.469686634020307,*
1.406250863679048,3.769361112607573,0.001652609526987169,0.45890556897483176,*
1.4099129753032125,3.3186583517810004,0.004101136250272589,0.4274912285580699,*
1.4135750869273764,13.045598853510132,2.1299277953613916e-09,0.745887167416892,*
1.4172371985515408,10.92525808201741,2.413174736220183e-08,0.7108308090678759,*
1.4208993101757048,11.165100724910818,1.806830172853225e-08,0.7152739303916567,*
1.4245614217998692,10.254512811737946,5.541891917055037e-08,0.6976353922945725,*
1.4282235334240332,8.757932045325212,4.0297207120958815e-07,0.6633602709414941,*
1.4318856450481976,8.149888259960235,9.54841188638065e-07,0.6471075880907883,*
1.4355477566723616,8.33695288294131,7.295224793936548e-07,0.6522724135238601,*
1.439209868296526,8.35029822718125,7.157406920394078e-07,0.6526351050185075,*
1.44287197992069,8.316359180095693,7.513374564459835e-07,0.651711242080597,*
1.4465340915448544,8.381152887802308,6.849103933586832e-07,0.653470764026719,*
1.4501962031690183,7.972689237411549,1.2360511312785656e-06,0.6420716279362658,*
1.4538583147931827,7.549777294012541,2.3183587725301677e-06,0.6294512023073373,*
1.4575204264173467,7.828873378999828,1.5276614546164432e-06,0.6378775072576724,*
1.4611825380415109,8.186454585634339,9.056600499557227e-07,0.6481292080745312,*
1.464844649665675,7.694719877226596,1.8649367130972373e-06,0.6338755842928879,*
1.4685067612898393,7.266664895519907,3.5693590525918526e-06,0.620493301238534,*
1.4721688729140034,7.593943107325563,2.169097171191458e-06,0.6308106525619391,*
1.4758309845381676,7.8123700249838866,1.5654591793912586e-06,0.6373899225177926,*
1.479493096162332,7.439825071064337,2.7385560263470754e-06,0.6260229172146838,*
1.483155207786496,7.346300109263123,3.158611425960861e-06,0.6230565063809405,*
1.4868173194106604,7.5592313051299955,2.2855279403873487e-06,0.6297430439503497,*
1.4904794310348244,7.330150326890594,3.237720494889107e-06,0.6225394987465462,*
1.4941415426589888,6.837232476965145,6.984740553096114e-06,0.6060475339432844,*
1.4978036542831528,6.673935172836869,9.065783719293737e-06,0.6002614951610039,*
1.5014657659073172,6.567822836620057,1.0757790598390993e-05,0.5964096828555314,*
1.5051278775314811,6.284046069293332,1.7113103244352568e-05,0.5857344107492694,*
1.5087899891556456,6.282795774162541,1.7148508846622403e-05,0.5856861267322684,*
1.5124521007798095,6.704379186689089,8.633542751551807e-06,0.6013530582694724,*
1.516114212403974,6.907903657673325,6.245241978055782e-06,0.6084999856888355,*
1.519776324028138,6.688465629894301,8.856727518113137e-06,0.6007832260597455,*
1.5234384356523023,6.532160273140028,1.1398019972636734e-05,0.5950984335507308,*
1.5271005472764663,6.586815166457267,1.043227913604463e-05,0.597104537359251,*
1.5307626589006307,6.606213707200793,1.0110414905703185e-05,0.5978117879085122,*
1.5344247705247946,6.551853455285351,1.103970310167942e-05,0.5958235685344906,*
1.538086882148959,6.482495551127752,1.2356697967792288e-05,0.5932580899826098,*
1.541748993773123,6.429568932023677,1.3471614123165138e-05,0.591278372522289,*
1.5454111053972874,6.442108003884962,1.3198303552535304e-05,0.591749135868399,*
1.5490732170214514,6.452125559497562,1.2984119408127278e-05,0.5921244535815805,*
1.5527353286456158,6.3257991544307295,1.597355278427405e-05,0.5873403973046076,*
1.5563974402697798,6.121627115382211,2.241953095716797e-05,0.5793664258963848,*
1.5600595518939442,5.963182318449039,2.9269958407109914e-05,0.5729627372601109,*
1.5637216635181082,5.821025532864538,3.7280510592977386e-05,0.5670491020607393,*
1.5673837751422726,5.69992404854548,4.590543892357417e-05,0.5618806190335349,*
1.5710458867664365,5.690166664494867,4.668550947235165e-05,0.5614588071836183,*
1.574707998390601,5.602908319180007,5.430793368447925e-05,0.5576502040880689,*
1.578370110014765,5.383221345248321,7.98253185971252e-05,0.5477619467782724,*
1.582032221638929,5.333287390809215,8.72063618241217e-05,0.5454524096866735,*
1.5856943332630933,5.397492371866162,7.783775245860376e-05,0.5484177019833257,*
1.5893564448872575,5.150634214897344,0.00012085683738738938,0.536799582136064,*
1.5930185565114217,4.652656260990748,0.000301054586752989,0.5114438557562555,*
1.5966806681355858,4.3070144879926255,0.0005787374937810878,0.49214816880746337,*
1.60034277975975,4.334561934843367,0.0005490309418269174,0.49374174565698653,*
1.6040048913839142,9.731100401003891,1.0859300395538283e-07,0.6864709968540275,*
1.6076670030080786,8.727033876462503,4.2067818768977e-07,0.6625705683021301,*
1.6113291146322426,7.119845954314854,4.479881888151079e-06,0.6156751265152164,*
1.614991226256407,6.385212526016889,1.448685742268783e-05,0.5896043192718856,*
1.618653337880571,5.802151921469292,3.850473711744293e-05,0.5662516326661108,*
1.6223154495047354,5.583849720959512,5.613920759756548e-05,0.5568095260131938,*
1.6259775611288994,5.511203422060499,6.373172972107045e-05,0.5535755679550038,*
1.6296396727530638,5.081527747720396,0.0001368989676962828,0.5334392800243483,*
1.6333017843772277,4.4652568045539915,0.00042819766181168467,0.5011679606042866,*
1.6369638960013921,4.188802327440888,0.000726443368414381,0.4851943235402428,*
1.640626007625556,4.0482223735456655,0.00095430613533155,0.47667269425550435,*
1.6442881192497205,3.7024024612310646,0.001888442406527009,0.4544583326650928,*
1.6479502308738845,3.3707958859244673,0.003687091775643683,0.431310585910717,*
1.651612342498049,3.2553474111015133,0.004668897502840925,0.4227838196375104,*
1.6552744541222129,3.3121271094951723,0.004156271814413716,0.4270091607435629,*
1.6589365657463773,3.8793012099493147,0.0013292522463376713,0.4660523484282104,*
1.6625986773705412,12.57235782171547,3.5735531644677344e-09,0.7388202333829301,*
1.6662607889947056,8.808443450493847,3.756878673475135e-07,0.664643323049466,*
1.6699229006188696,10.457924498971161,4.291637171296695e-08,0.7017625545763879,*
1.673585012243034,6.441773259884703,1.32055240960155e-05,0.5917365824241225,*
1.677247123867198,11.929830087086328,7.372114319073845e-09,0.7285715201680467,*
1.6809092354913624,12.184813561129776,5.513888817145777e-09,0.732733448302108,*
1.6845713471155264,10.042311123724547,7.260468868747725e-08,0.6932063619400037,*
1.6882334587396908,8.463934148525619,6.088715441223164e-07,0.6556930514212735,*
1.6918955703638547,7.250715576417833,3.658136691624067e-06,0.6199757475300675,*
1.6955576819880191,6.187134525508864,2.0097778508875503e-05,0.5819581967076337,*
1.6992197936121831,5.396983930705603,7.79076707963449e-05,0.5483943717289219,*
1.7028819052363473,4.930460731035892,0.00018017991250665917,0.5259211308004812,*
1.7065440168605115,4.522196975273047,0.00038453277928239267,0.5043356551906766,*
1.7102061284846757,3.7114542472273317,0.0018546292333252769,0.4550637995316433,*
1.7138682401088399,1.911624126982947,0.07811845018471393,0.3007557431926286,
1.717530351733004,4.946094679225527,0.00017510426313174616,0.526710406515245,*
1.7211924633571682,12.136655709895443,5.82296823530409e-09,0.7319572041013716,*
1.7248545749813324,16.494260589530356,6.965029786392415e-11,0.7877402429026552,*
1.7285166866054966,14.967636708617922,2.950822348159662e-10,0.7710475033871729,*
1.7321787982296608,14.035322711164174,7.515625714845219e-10,0.7594967292055114,*
1.735840909853825,12.779664782665767,2.844160010539745e-09,0.7419637563927532,*
1.7395030214779892,10.894233169890153,2.50596043068332e-08,0.7102459184427374,*
1.7431651331021536,9.56545214649554,1.3497564358527936e-07,0.682763936507668,*
1.7468272447263176,9.323652718071324,1.8617306158972492e-07,0.6771925421513855,*
1.750489356350482,9.073621520814388,2.609875962948945e-07,0.671221870357299,*
1.754151467974646,8.198380019611944,8.902000191799523e-07,0.6484611126983554,*
1.7578135795988103,7.285688082179568,3.4664103021711865e-06,0.6211087611877467,*
1.7614756912229743,7.017157416405685,5.258956020066034e-06,0.6122318242770647,*
1.7651378028471387,8.37671728353302,6.892555194355826e-07,0.653350878903115,*
1.7687999144713027,8.871989529430445,3.4408463860415084e-07,0.6662436465224914,*
1.772462026095467,8.42787075977764,6.408493197699293e-07,0.6547284327696781,*
1.776124137719631,7.909129948062193,1.3569989121392518e-06,0.640230082142027,*
1.7797862493437955,7.373637847566724,3.0292735878413684e-06,0.6239284568657296,*
1.7834483609679594,7.068867776719957,4.8503255923268595e-06,0.6139734284045183,*
1.7871104725921239,6.603560057301721,1.0153824922875398e-05,0.5977151852407381,*
1.7907725842162878,5.540831007373344,6.051348568295068e-05,0.5549001661606283,*
1.7944346958404522,3.7535975423501045,0.0017052421831428347,0.45786512784350536,*
1.7980968074646162,10.36441774510348,4.824977937925786e-08,0.6998794108853753,*
1.8017589190887806,12.300464526886165,4.839835690867523e-09,0.734579360684854,*
1.8054210307129446,9.54364365125804,1.3891982096916317e-07,0.6822693413112066,*
1.809083142337109,9.276801768001468,1.9825634308249423e-07,0.676090321853335,*
1.812745253961273,9.124192291150134,2.4364482815899366e-07,0.6724472376222344,*
1.8164073655854374,8.143179770649647,9.641634976201641e-07,0.6469195164632388,*
1.8200694772096013,7.748969107964132,1.7200169675910127e-06,0.6355044938530362,*
1.8237315888337655,8.616057918812523,4.912917730061954e-07,0.6597034079678322,*
1.8273937004579297,8.860416020457262,3.4962606333427075e-07,0.6659533216324285,*
1.831055812082094,7.51821397357714,2.431588644248287e-06,0.628473514068661,*
1.834717923706258,6.59290494967023,1.0330098666294816e-05,0.5973268322180395,*
1.8383800353304223,6.827935004551582,7.088635990909392e-06,0.6057226014654501,*
1.8420421469545865,7.152937121523577,4.255357650698321e-06,0.6167717325532788,*
1.8457042585787506,7.023001995429879,5.211018195432908e-06,0.6124294569198647,*
1.8493663702029148,6.844045565040104,6.9096186125473316e-06,0.6062853011598329,*
1.853028481827079,6.2302781701820855,1.870698492293949e-05,0.5836477813152111,*
1.8566905934512432,5.020645721526977,0.00015286918920382047,0.5304382349760414,*
1.8603527050754074,4.14896174415785,0.0007846235686199838,0.4828075914368789,*
1.8640148166995716,3.7744703663461086,0.0016359129099785096,0.4592419380464503,*
1.8676769283237358,3.647364801954414,0.0021082077675829724,0.4507477488520425,*
1.8713390399479,10.720849340033825,3.098122648298494e-08,0.7069331786375702,*
1.8750011515720642,10.81083430085737,2.774399167852316e-08,0.7086618659253813,*
1.8786632631962286,9.750449086364485,1.0588463551841182e-07,0.6868983599772606,*
1.8823253748203925,8.304248062606831,7.644847821156217e-07,0.6513803715960492,*
1.885987486444557,7.457400354272494,2.6663723350564227e-06,0.6265751637995189,*
1.889649598068721,7.964583971373418,1.2508256492217608e-06,0.6418378381034955,*
1.8933117096928853,8.604261307436794,4.994960523157117e-07,0.6593957646869582,*
1.8969738213170493,8.053274731744198,1.0987169808263435e-06,0.6443795558382956,*
1.9006359329412137,7.257500892063532,3.620089015122577e-06,0.6201961027301496,*
1.9042980445653777,6.895377904785777,6.370085543126244e-06,0.6080675421915982,*
1.907960156189542,6.69585950420575,8.752288985355826e-06,0.6010481881885329,*
1.911622267813706,6.431721184479479,1.3424284962521194e-05,0.5913592532440889,*
1.9152843794378704,5.84555836874825,3.57496251059103e-05,0.5680813188169137,*
1.9189464910620344,5.0967152827794315,0.0001331926312883553,0.5341819473199808,*
1.9226086026861988,21.91166657599476,8.343384618359866e-13,0.8313694899449385,*
1.9262707143103628,12.267844537994227,5.020723727919491e-09,0.7340612977004716,*
1.9299328259345272,10.912324077923694,2.45141071736662e-08,0.7105872607267026,*
1.9335949375586912,10.212549631260632,5.8443355309979105e-08,0.6967697181640158,*
1.9372570491828556,9.080077888267697,2.5870323661280366e-07,0.6713788232139924,*
1.9409191608070195,8.046875864610577,1.1090143032982109e-06,0.6441973839048343,*
1.9445812724311837,7.871368548220584,1.4346654073616841e-06,0.6391269949380161,*
1.948243384055348,8.007689002747231,1.1743191933793388e-06,0.6430776731318448,*
1.951905495679512,7.965631650609458,1.2489055508968684e-06,0.641868074748081,*
1.9555676073036763,7.719016302986437,1.7985129951179307e-06,0.6346069151920273,*
1.9592297189278405,7.62647214949603,2.065614453017531e-06,0.6318055542960574,*
1.9628918305520047,7.749918779886536,1.717587644501312e-06,0.6355328800132359,*
1.9665539421761689,8.203201863833666,8.840276938757852e-07,0.6485951349275562,*
1.970216053800333,9.021670251615845,2.801558523667335e-07,0.669953468780068,*
1.9738781654244972,9.524201695593344,1.4253783754994595e-07,0.6818271148192732,*
1.9775402770486614,9.126360832449599,2.429287003787552e-07,0.6724995787824282,*
1.9812023886728256,8.54236828264113,5.449562114632193e-07,0.6577725006248077,*
1.9848645002969898,8.554103146098667,5.36015313532372e-07,0.6580814576793217,*
1.988526611921154,8.701396681754174,4.3598763235961087e-07,0.661912508923677,*
1.9921887235453182,8.211355739405462,8.736918513247068e-07,0.6488215379604365,*
1.9958508351694824,8.013198800916935,1.1648990382243824e-06,0.6432355336472364,*
1.9995129467936466,8.061046554288543,1.0863446897834213e-06,0.6446005642725476,*
